{
  "phase1": {
    "accuracy": [
      0.44596177339553833,
      0.5614514350891113,
      0.5961763262748718,
      0.6273897886276245,
      0.6476784944534302,
      0.662114679813385,
      0.6511899828910828,
      0.6687475442886353,
      0.6835739612579346,
      0.6718689203262329,
      0.6726492643356323,
      0.6968396306037903,
      0.6812329292297363
    ],
    "loss": [
      1.4458941221237183,
      1.2481281757354736,
      1.1814556121826172,
      1.119117021560669,
      1.0896497964859009,
      1.051453709602356,
      1.0334892272949219,
      1.0140504837036133,
      1.0054519176483154,
      1.0008739233016968,
      0.9734055995941162,
      0.9569858312606812,
      0.9656445384025574
    ],
    "val_accuracy": [
      0.568306028842926,
      0.5992714166641235,
      0.6083788871765137,
      0.6411657333374023,
      0.6029143929481506,
      0.5938069224357605,
      0.7122039794921875,
      0.68123859167099,
      0.6684881448745728,
      0.6357012987136841,
      0.6994535326957703,
      0.6630236506462097,
      0.688524603843689
    ],
    "val_loss": [
      1.092408537864685,
      1.0112550258636475,
      0.9319815039634705,
      0.9039678573608398,
      0.8916749358177185,
      0.9830656051635742,
      0.7685577869415283,
      0.8273349404335022,
      0.8497743010520935,
      0.9045087099075317,
      0.7876249551773071,
      0.8268060684204102,
      0.7850944995880127
    ],
    "val_qwk": [
      0.7151440933953792,
      0.7046809190968909,
      0.7499147616236039,
      0.7183735086913614,
      0.759529804383129,
      0.7222256357740229,
      0.7802892514926223,
      0.7675133974346573,
      0.7564814389941724,
      0.7638129774582241,
      0.7638150362742449,
      0.7710087129914605,
      0.7713886796612349
    ],
    "learning_rate": [
      0.0010000000474974513,
      0.0010000000474974513,
      0.0010000000474974513,
      0.0010000000474974513,
      0.0010000000474974513,
      0.0010000000474974513,
      0.0010000000474974513,
      0.0010000000474974513,
      0.0010000000474974513,
      0.0010000000474974513,
      0.0003000000142492354,
      0.0003000000142492354,
      0.0003000000142492354
    ]
  },
  "phase2": {
    "accuracy": [
      0.6804525852203369,
      0.7186890244483948,
      0.7151775360107422,
      0.7261022329330444,
      0.7639485001564026,
      0.7592664957046509,
      0.771751880645752
    ],
    "loss": [
      0.9874764084815979,
      0.93695068359375,
      0.8869754672050476,
      0.8586016893386841,
      0.791709303855896,
      0.7925226092338562,
      0.7735195159912109
    ],
    "val_accuracy": [
      0.7231329679489136,
      0.6612021923065186,
      0.6958105564117432,
      0.6721311211585999,
      0.7176684737205505,
      0.688524603843689,
      0.7267759442329407
    ],
    "val_loss": [
      0.6818633079528809,
      0.7922418713569641,
      0.7389845848083496,
      0.7780159115791321,
      0.7047214508056641,
      0.6955814957618713,
      0.6939750909805298
    ],
    "val_qwk": [
      0.8252578635379539,
      0.7656157029377456,
      0.8223176946166685,
      0.8098814633149397,
      0.8169332747450004,
      0.8090173675415789,
      0.815829665188691
    ],
    "learning_rate": [
      9.999999747378752e-05,
      9.999999747378752e-05,
      9.999999747378752e-05,
      9.999999747378752e-05,
      2.9999999242136255e-05,
      2.9999999242136255e-05,
      2.9999999242136255e-05
    ]
  },
  "best_val_qwk": 0.8252578635379539,
  "best_phase": 2,
  "config": {
    "seed": 42,
    "img_size": 224,
    "batch_size": 32,
    "val_split": 0.15,
    "test_split": 0.15,
    "circle_crop": true,
    "dropout": 0.4,
    "backbone": "EfficientNetB0",
    "imbalance": "class_weights",
    "focal_gamma": 2.0,
    "head_epochs": 25,
    "head_lr": 0.001,
    "head_patience": 6,
    "finetune_epochs": 20,
    "finetune_lr": 0.0001,
    "finetune_unfreeze": 40,
    "finetune_patience": 6,
    "freeze_batchnorm": true,
    "monitor": "val_qwk",
    "monitor_mode": "max"
  }
}