{
  "test_size": 550,
  "accuracy": 0.76,
  "quadratic_weighted_kappa": 0.8507604981005882,
  "macro_roc_auc_ovr": 0.9090074945431391,
  "per_class_roc_auc": {
    "No_DR": 0.991839595815313,
    "Mild": 0.8743493348756507,
    "Moderate": 0.9065000000000001,
    "Severe": 0.8946985240585081,
    "Proliferative_DR": 0.8776500179662236
  },
  "per_class_report": {
    "No_DR": {
      "precision": 0.9558823529411765,
      "recall": 0.959409594095941,
      "f1-score": 0.9576427255985267,
      "support": 271.0
    },
    "Mild": {
      "precision": 0.41935483870967744,
      "recall": 0.4642857142857143,
      "f1-score": 0.4406779661016949,
      "support": 56.0
    },
    "Moderate": {
      "precision": 0.6993006993006993,
      "recall": 0.6666666666666666,
      "f1-score": 0.6825938566552902,
      "support": 150.0
    },
    "Severe": {
      "precision": 0.36538461538461536,
      "recall": 0.6551724137931034,
      "f1-score": 0.4691358024691358,
      "support": 29.0
    },
    "Proliferative_DR": {
      "precision": 0.6190476190476191,
      "recall": 0.29545454545454547,
      "f1-score": 0.4,
      "support": 44.0
    },
    "accuracy": 0.76,
    "macro avg": {
      "precision": 0.6117940250767575,
      "recall": 0.6081977868591941,
      "f1-score": 0.5900100701649295,
      "support": 550.0
    },
    "weighted avg": {
      "precision": 0.7731951683530087,
      "recall": 0.76,
      "f1-score": 0.7596239300159894,
      "support": 550.0
    }
  },
  "confusion_matrix": [
    [
      260,
      9,
      2,
      0,
      0
    ],
    [
      5,
      26,
      25,
      0,
      0
    ],
    [
      6,
      21,
      100,
      20,
      3
    ],
    [
      0,
      1,
      4,
      19,
      5
    ],
    [
      1,
      5,
      12,
      13,
      13
    ]
  ]
}